"Horodateur","Vous êtes un(e) ?","Quel âge avez vous ?","Parmi ces langues, laquelle comprenez-vous ?","Combien de votre temps passez vous en moyenne par jour sur Internet (une estimation suffira) ? ","Quel est le support que vous utilisez le plus ?","Vous arrive-t-il de vous rendre dans des monuments, musées... ?","Si oui, à quelle fréquence visitez vous des monuments, musées ou expositions ?","Le cas échéant, préparez vous votre visite ?","Si oui, sur quel support le faites vous ?","Une fois sur place, utilisez vous Internet pour votre visite ?","Le cas échéant, dans quel but le faites vous ?","Utilisez-vous internet chez vous pour avoir des informations en plus après votre visite ?","Selon vous quels sont les onglets les plus importants sur un site touristique ? ","Quels contenus préférez-vous ?","Séville et vous.","Notre projet consiste à créer un site internet sur Séville et ses monuments, que souhaitez vous y retrouver ?"
"2018/11/12 11:24:37 AM UTC","Homme","18 - 29 ans","Français;Anglais;Espagnol","30% - 40%","Ordinateur","Oui","Parfois","Non","","Oui","","Non","Informations pratiques ","Images","J'aimerai y aller",""
"2018/11/12 11:27:22 AM UTC","Homme","18 - 29 ans","Français;Anglais;Chinois","30% - 40%","Ordinateur","Oui","Parfois","Oui","Ordinateur","Oui","Plan","Oui","Informations pratiques","les deux","J'aimerai y aller","De belles images"
"2018/11/12 11:34:26 AM UTC","Autre","50 - 59 ans","Français;Espagnol;Chinois","50% et plus","Tablette","Non","Rarement","Oui","Imprimante 3D","Oui","Pour apprendre encore plus, j'aime beaucoup apprendre ","Oui","Présentation de visite ","les deux","J'y suis déjà allé et j' y retournerai",""
"2018/11/12 11:45:20 AM UTC","Homme","18 - 29 ans","Français;Anglais;Espagnol","10% - 20%","Smartphone","Oui","Rarement","Oui","Smartphone","Non","","Non","Une carte du lieu, les dates et horaires d'ouverture","les deux","Ça ne m'intéresse pas","Un recensement des meilleurs lieux touristiques"
"2018/11/12 12:01:12 PM UTC","Femme","18 - 29 ans","Français;Anglais;Espagnol","10% - 20%","Smartphone","Oui","Parfois","Non","","Oui","Complément d'information ","Oui","Reconstitution numerique qi nécessaire, plan ","Images","J'aimerai y aller",""
"2018/11/12 12:24:03 PM UTC","Homme","-18 ans","Français;Anglais","30% - 40%","Smartphone","Non","Rarement","Non","","Non","Pour le plaisir","Oui","Les centres d'intérêts","Images","J'aimerai y aller","Un truc qui me donne envie dy allez"
"2018/11/12 12:47:51 PM UTC","Femme","50 - 59 ans","Français;Anglais;Espagnol","10% - 20%","Ordinateur","Oui","Parfois","Oui","Ordinateur","Non","","Oui","Plan du déroulement de la visite","les deux","J'aimerai y aller","Principales curiosités à visiter, endroits où dormir, restaurants, sites insolites, jours de marché."
"2018/11/12 1:06:26 PM UTC","Homme","18 - 29 ans","Français;Anglais;Espagnol","30% - 40%","Smartphone","Oui","Rarement","Oui","Ordinateur","Non","","Non","tarifs et plan","les deux","Ça ne m'intéresse pas",""
"2018/11/12 2:32:51 PM UTC","Homme","18 - 29 ans","Français;Anglais;Espagnol;Chinois","30% - 40%","Smartphone","Oui","Rarement","Non","","Oui","","Non","Je sais pas","Images","Ça ne m'intéresse pas","Je sais pas"
"2018/11/12 2:36:11 PM UTC","Homme","18 - 29 ans","Français;Anglais;Espagnol","50% et plus","Smartphone","Non","","Non","","","","","Boutique","Images","J'y suis déjà allé et j' y retournerai","Les lieux de restaurations"
"2018/11/12 5:43:51 PM UTC","Homme","18 - 29 ans","Français;Anglais","10% - 20%","Smartphone","Oui","Rarement","Non","","Non","","Non","La carte ","Images","J'aimerai y aller",""
"2018/11/12 6:08:49 PM UTC","Homme","50 - 59 ans","Français","0%-10%","Smartphone","Oui","Rarement","Non","","Oui","Informations complémentaires ","Oui","Liste des lieux à visiter ","les deux","J'aimerai y aller","Lieux à visiter 
Plan des parkings gratuit 
Resto typique
Circuit de visite "
"2018/11/12 6:13:10 PM UTC","Femme","18 - 29 ans","Français;Anglais","50% et plus","Smartphone","Oui","Rarement","Oui","Smartphone","Non","Loisir","Oui","je sais pas","les deux","Ça ne m'intéresse pas",""
"2018/11/13 8:59:13 AM UTC","Femme","18 - 29 ans","Français;Anglais;Chinois","30% - 40%","Smartphone","Oui","Souvent","Oui","Smartphone","Non","","Oui","Infos pratiques, horaire, prix ","les deux","J'aimerai y aller","Les bons plans, ce qu’il faut visiter en priorité, anecdotes "
"2018/11/13 9:40:08 AM UTC","Homme","18 - 29 ans","Français;Anglais","50% et plus","Ordinateur","Non","","Non","","Non","","Non","","Images","Ça ne m'intéresse pas",""
"2018/11/13 11:39:55 AM UTC","Homme","-18 ans","Français;Espagnol","50% et plus","Ordinateur","Oui","Rarement","Oui","Smartphone","Non","","Oui","","les deux","J'aimerai y aller","Les chemins de randonnée pour visiter la vielle ville"
"2018/11/19 10:14:20 AM UTC","Femme","18 - 29 ans","Français;Anglais","50% et plus","Smartphone","Oui","Parfois","Oui","Ordinateur","Oui","","Oui","Notre histoire, points clés à ne pas rater, Comment venir, Contactez-nous","les deux","J'aimerai y aller","Je ne sais pas. Puisque je ne connais pas, j'aimerais bien une page entière résumant son histoire + une courte vidéo pour nous immerger dans la ville "
"2018/11/20 3:08:31 PM UTC","Homme","18 - 29 ans","Français","50% et plus","Ordinateur","Non","","Non","","Non","","","","Images","Ça ne m'intéresse pas","Je ne connais pas Séville donc, je ne pourrai pas donner mon avis. J'en suis navré"
"2018/11/28 4:38:05 PM UTC","Homme","+ 70 ans","Français;Espagnol","0%-10%","Ordinateur","Oui","Parfois","Oui","Ordinateur","Non","","Oui","","les deux","J'y suis déjà allé mais je n'y retournerai pas","trop âgé pour y retourner, toute info récente devrait m'intéresser."